,model,traditional_frame_p,traditional_frame_r,traditional_frame_f1,traditional_role_p,traditional_role_r,traditional_role_f1,fair_frame_p,fair_frame_r,fair_frame_f1,fair_role_p,fair_role_r,fair_role_f1,Unnamed: 0,target_identification_accuracy
0,baselines/in-domain/mt5-base-framenet_v17/frame-squared-pt.jsonl,0.3049095607235142,0.27505827505827507,0.28921568627450983,0.1273356401384083,0.13012729844413012,0.1287163343826513,0.3255260023818976,0.33620336203362033,0.3307785397337636,0.17432899282487377,0.1894311290788334,0.18156656518128977,,
1,baselines/in-domain/mt5-base-framenet_v17/latvianframenet.jsonl,0.10458057395143489,0.5561261922230374,0.17605388456625246,0.038084530794364614,0.2184602982668279,0.06486163051608076,0.07584898178831394,0.6488975042403683,0.13582187959628747,0.0326360280348831,0.3100118583770964,0.05905511811023623,,
2,baselines/in-domain/mt5-base-framenet_v17/dutchframenet.jsonl,0.041573867854491464,0.18604651162790697,0.06796116504854369,0.010771992818671455,0.05240174672489083,0.017870439314966492,0.04175030108390205,0.28969359331476324,0.07298245614035087,0.007984031936127744,0.06639004149377593,0.014253897550111357,,
3,baselines/in-domain/mt5-base-framenet_v17/swefn.jsonl,0.03856277967886286,0.1712448860315605,0.06294983349446771,0.01894256371243819,0.0663822980538523,0.02947443181818182,0.040711009174311925,0.19073203492276697,0.06709982279976373,0.01986190435597988,0.11410381978452498,0.03383431351194365,,
4,baselines/in-domain/mt5-base-framenet_v17/salsa.jsonl,0.19275600921962463,0.6962416745956232,0.3019237712104802,0.09050252628704084,0.35617358591965603,0.1443310194637267,0.13593983268076956,0.7062783550417093,0.2279964095053621,0.07932001340222547,0.38232044198895027,0.13138217081434747,,
5,baselines/in-domain/mt5-base-framenet_v17/asfalda.jsonl,0.05335246543177668,0.29854014598540146,0.09052678176184152,0.015778641664761034,0.08136792452830188,0.02643171806167401,0.03092137335469044,0.22503801317790167,0.05437178545187363,0.015036908776086759,0.06088560885608856,0.024117518088138567,,
6,baselines/in-domain/mt5-base-framenet_v17/iframe.jsonl,0.05088495575221239,0.22847682119205298,0.08323281061519903,0.018456375838926176,0.06386066763425254,0.028636511552229096,0.050827878321139774,0.34108527131782945,0.08847184986595175,0.022099447513812154,0.08979591836734693,0.035469568722289395,,
7,baselines/in-domain/mt5-base-framenet_v17/koreanframenet.jsonl,0.2961418143899896,0.4983549023908752,0.3715150028615813,0.08483449673496961,0.1837356742257986,0.11607486713394441,0.17610173982160204,0.5880271306399292,0.27103438901726246,0.07916209962245768,0.23792093704245973,0.11879740473361966,,
8,baselines/in-domain/mt5-base-framenet_v17/framenet_v17.jsonl,0.5847341337907376,0.5816413581300119,0.5831836455393038,0.3028316229570506,0.3101099542668094,0.30642757559732703,0.4662889970477938,0.6228285196632207,0.5333089979923344,0.32010258203648656,0.390084523048512,0.3516455372006659,,
9,baselines/in-domain/mt5-base-framenet_v17/cfn.jsonl,0.057533627218266076,0.24342419894787184,0.09307003108429328,0.019836639439906652,0.06064588809613218,0.02989495117775001,0.04942534937678735,0.31662633944002766,0.08550359376458508,0.020061397872492327,0.08053883634279163,0.032121627800640144,,
10,baselines/in-domain/mt5-base-all/frame-squared-pt.jsonl,0.5430579964850615,0.5402097902097902,0.5416301489921121,0.3008427995602785,0.2903111739745403,0.2954831743746626,0.5741192884548308,0.6176360225140713,0.5950831525668835,0.39739766874491733,0.39376846629062584,0.3955747436589314,,
11,baselines/in-domain/mt5-base-all/latvianframenet.jsonl,0.6468315301391035,0.6140865737344093,0.6300338727888596,0.5495626822157434,0.5318419991938734,0.5405571487095453,0.6116111611161116,0.6116111611161116,0.6116111611161116,0.5662456328943832,0.5665501478892175,0.5663978494623656,,
12,baselines/in-domain/mt5-base-all/dutchframenet.jsonl,0.4233128834355828,0.4584717607973422,0.4401913875598086,0.3163716814159292,0.31222707423580787,0.3142857142857143,0.44567219152854515,0.4948875255623722,0.46899224806201556,0.373134328358209,0.37537537537537535,0.37425149700598803,,
13,baselines/in-domain/mt5-base-all/swefn.jsonl,0.21458209839952577,0.21157218001168906,0.21306650971159505,0.146810369938829,0.1343641695547854,0.1403118040089087,0.31780284453163316,0.30069605568445473,0.30901287553648066,0.21065145030908225,0.2111534795042898,0.21090216615091645,,
14,baselines/in-domain/mt5-base-all/salsa.jsonl,0.830954169797145,0.7892483349191246,0.8095644748078565,0.5817321479782047,0.5450759102512428,0.5628077963515294,0.7475477542591636,0.7490946714950854,0.7483204134366924,0.6324651407524335,0.635810632107908,0.6341334740174097,,
15,baselines/in-domain/mt5-base-all/asfalda.jsonl,0.6901408450704225,0.6437956204379562,0.6661631419939578,0.26653543307086613,0.26611635220125784,0.26632572777340674,0.5796983285772523,0.5839835728952772,0.5818330605564649,0.34428152492668623,0.3422740524781341,0.3432748538011696,,
16,baselines/in-domain/mt5-base-all/iframe.jsonl,0.39644970414201186,0.44370860927152317,0.41875,0.20399429386590584,0.20754716981132076,0.20575539568345325,0.4377104377104377,0.5327868852459017,0.4805914972273568,0.2958199356913183,0.31833910034602075,0.30666666666666664,,
17,baselines/in-domain/mt5-base-all/koreanframenet.jsonl,0.5356231599607458,0.5985961833735468,0.5653615081831366,0.30065005417118096,0.33833211411850767,0.3183799908214778,0.494939810376052,0.6509737985147821,0.5623335754054708,0.37753773078985675,0.4358362076589723,0.40459770114942534,,
18,baselines/in-domain/mt5-base-all/framenet_v17.jsonl,0.6635812857623695,0.6727520900870159,0.6681352198593578,0.4165924165924166,0.40945801303882456,0.4129944057316714,0.6144467023831517,0.6906146179401993,0.6503079479910059,0.4906832298136646,0.4938170947139557,0.4922451743989163,,
19,baselines/in-domain/mt5-base-all/cfn.jsonl,0.4364344861178763,0.4285031085604974,0.4324324324324324,0.2208022021234762,0.2108524220803605,0.21571263926238954,0.4404963338973491,0.47104945717732205,0.4552608568930341,0.3064950613588746,0.3100211928549803,0.3082480433473811,,
20,baselines/in-domain/mt5-small-framenet_v17/frame-squared-pt.jsonl,0.2706919945725916,0.23251748251748253,0.2501567398119122,0.10135617416131334,0.10042432814710042,0.10088809946714032,0.2621276595744681,0.26666666666666666,0.2643776824034335,0.1307901907356948,0.14842300556586271,0.13904982618771727,,
21,baselines/in-domain/mt5-small-framenet_v17/latvianframenet.jsonl,0.09518485390578414,0.4684519442406456,0.1582207904844505,0.02489123457670637,0.14066908504635228,0.04229790328445037,0.06142540599669032,0.5602455871066769,0.11071229968151257,0.02062003037612794,0.20603463667202285,0.037488224019751167,,
22,baselines/in-domain/mt5-small-framenet_v17/dutchframenet.jsonl,0.0395010395010395,0.1893687707641196,0.06536697247706423,0.00648508430609598,0.03275109170305677,0.010826416456153015,0.03420074349442379,0.2598870056497175,0.06044678055190539,0.0066746126340882,0.05845511482254697,0.01198117244330338,,
23,baselines/in-domain/mt5-small-framenet_v17/swefn.jsonl,0.032953105196451206,0.15195791934541203,0.054161024893240296,0.015331824487113966,0.05598507064782725,0.024071526822558458,0.032524695920973054,0.16434634974533108,0.05430270391562885,0.015455204056991065,0.09248554913294797,0.026484585143803023,,
24,baselines/in-domain/mt5-small-framenet_v17/salsa.jsonl,0.14611049787950967,0.5982397716460514,0.23486015781855535,0.07129744968202976,0.29222087867795243,0.11462752641703339,0.10079861860565509,0.5833853841349157,0.17189656758995123,0.05689324907356021,0.2679821232818956,0.09385983047343395,,
25,baselines/in-domain/mt5-small-framenet_v17/asfalda.jsonl,0.04885126964933494,0.2948905109489051,0.08381742738589211,0.015119400876077434,0.08411949685534591,0.025631812193077017,0.03280305833025034,0.2605288932419197,0.058269441401971524,0.015682617725596575,0.05751593346805534,0.024645307400253117,,
26,baselines/in-domain/mt5-small-framenet_v17/iframe.jsonl,0.04398148148148148,0.18874172185430463,0.07133917396745933,0.01574468085106383,0.05370101596516691,0.024350115169463643,0.041145623235175476,0.272,0.07147862648913807,0.01805985552115583,0.0691699604743083,0.028641571194762683,,
27,baselines/in-domain/mt5-small-framenet_v17/koreanframenet.jsonl,0.2516887327749257,0.4086422461066023,0.31151241534988716,0.05785467951004876,0.11862960253596684,0.07777777777777778,0.15538499628620947,0.48688906128782,0.23558558558558562,0.05931443547830885,0.16586306653809066,0.08738061369640318,,
28,baselines/in-domain/mt5-small-framenet_v17/framenet_v17.jsonl,0.5611510791366906,0.558948984814878,0.5600478673390887,0.27548235294117646,0.2848107424345626,0.28006889292890635,0.38217080639673356,0.6028985507246377,0.46780508121615993,0.2672645739910314,0.35134197933282474,0.3035896206627914,,
29,baselines/in-domain/mt5-small-framenet_v17/cfn.jsonl,0.04459535936615733,0.1884265901482544,0.07212154493867838,0.013910646030453036,0.041682313180623355,0.020859760394644117,0.03659779983901261,0.23921431076815153,0.0634831983617239,0.01348910920281576,0.051296426068675544,0.021361036535543363,,
30,baselines/in-domain/mt5-small-all/frame-squared-pt.jsonl,0.5347624565469293,0.5378787878787878,0.5363160952934339,0.28531759805623047,0.29066478076379065,0.2879663688912244,0.5610738255033557,0.625748502994012,0.5916489738145789,0.3881443298969072,0.3925964546402503,0.39035769828926914,,
31,baselines/in-domain/mt5-small-all/latvianframenet.jsonl,0.6498435054773083,0.6093176815847395,0.6289284361984097,0.5367847411444142,0.5161225312374043,0.5262508990033905,0.6188747731397459,0.6188747731397459,0.6188747731397459,0.5549668874172186,0.5631720430107527,0.5590393595730488,,
32,baselines/in-domain/mt5-small-all/dutchframenet.jsonl,0.519298245614035,0.49169435215946844,0.5051194539249146,0.3620253164556962,0.31222707423580787,0.3352872215709261,0.570230607966457,0.5472837022132797,0.5585215605749487,0.42953020134228187,0.3902439024390244,0.4089456869009585,,
33,baselines/in-domain/mt5-small-all/swefn.jsonl,0.20227408737283065,0.19754529514903565,0.1998817267888823,0.12506841817186645,0.12183417755265262,0.12343011478730588,0.30402384500745155,0.288,0.2957950700821653,0.1936842105263158,0.19496114904638567,0.1943205820229993,,
34,baselines/in-domain/mt5-small-all/salsa.jsonl,0.8679292300024919,0.8284966698382493,0.8477546549835706,0.6167176350662589,0.5689909982533925,0.5918937805730259,0.8330914368650217,0.8226710097719869,0.8278484331978497,0.6780561210940957,0.6760215338452035,0.67703729892169,,
35,baselines/in-domain/mt5-small-all/asfalda.jsonl,0.7652173913043478,0.7065693430656934,0.7347248576850095,0.29376498800959233,0.28891509433962265,0.291319857312723,0.7038478166882837,0.6791823112223613,0.6912951167728237,0.38239757207890746,0.3778110944527736,0.3800904977375566,,
36,baselines/in-domain/mt5-small-all/iframe.jsonl,0.4523809523809524,0.44039735099337746,0.44630872483221473,0.21981424148606812,0.20609579100145137,0.21273408239700375,0.5295315682281059,0.5338809034907598,0.5316973415132923,0.3297232250300842,0.3234946871310508,0.3265792610250298,,
37,baselines/in-domain/mt5-small-all/koreanframenet.jsonl,0.6014093811935697,0.5990348760693135,0.6002197802197803,0.33154378429968984,0.3388198000487686,0.3351423058369513,0.5845265008791761,0.6542029800393591,0.6174051472539136,0.4353922612708555,0.4374888532191903,0.43643803932034514,,
38,baselines/in-domain/mt5-small-all/framenet_v17.jsonl,0.6779109589041096,0.6754819996587613,0.67669429963251,0.4189746611667649,0.41510168337063347,0.4170291803118432,0.6418466120625466,0.7132809267687216,0.6756809719772684,0.5023913775682047,0.5145932519147175,0.5084191151407731,,
39,baselines/in-domain/mt5-small-all/cfn.jsonl,0.4910025706940874,0.4567192730750837,0.4732408325074331,0.24190363349131122,0.23000375516334962,0.2358036573628489,0.517357910906298,0.5141984732824427,0.5157733537519142,0.33554670208056664,0.33844322071736865,0.33698873740367513,,
0,baselines/in-domain/lome-framenet_v17/frame-squared-pt.jsonl,0.4475043029259897,0.4545454545454545,0.450997398091934,0.2173223350253807,0.2422206506364922,0.2290969899665552,0.5146110056925997,0.5357566179375741,0.5249709639953543,0.311340206185567,0.3199152542372881,0.3155694879832811,0.0,0.8665501165501166
1,baselines/in-domain/lome-framenet_v17/latvianframenet.jsonl,0.1670137442732195,0.735509904622157,0.2722150566831851,0.0771180304127443,0.3863361547762999,0.1285714285714285,0.1349837038122093,0.8063880988842704,0.2312566660392747,0.0633622242471762,0.4630633421093387,0.111471498340976,1.0,0.9992663242846662
2,baselines/in-domain/lome-framenet_v17/dutchframenet.jsonl,0.0945273631840796,0.3787375415282392,0.1512939615129395,0.0197971994205697,0.0895196506550218,0.0324238829576907,0.0880898876404494,0.4912280701754385,0.149390243902439,0.0167794316644113,0.1267893660531697,0.0296367112810707,2.0,1.0
3,baselines/in-domain/lome-framenet_v17/swefn.jsonl,0.0680144178028522,0.2536528345996493,0.1072664359861591,0.0379841732611411,0.1215675819781391,0.0578827113480578,0.0722291407222914,0.2602564102564103,0.1130761732349255,0.0401633118116217,0.2017167381974249,0.0669886768548578,3.0,0.7323202805376973
4,baselines/in-domain/lome-framenet_v17/salsa.jsonl,0.2626664625746212,0.8163653663177926,0.3974522292993631,0.1437048098082364,0.4913341394598952,0.222370861329847,0.2167012201339088,0.8532048708684598,0.3456201214223764,0.1385469367690133,0.5867962175761257,0.2241665009610923,4.0,0.981208372978116
5,baselines/in-domain/lome-framenet_v17/asfalda.jsonl,0.0992118683356513,0.4686131386861314,0.1637546231348042,0.0307210031347962,0.1348270440251572,0.0500401196294405,0.0590258917255114,0.3319755600814664,0.1002305918524212,0.0272003538257408,0.1073766914011348,0.043405381561535,5.0,0.872992700729927
6,baselines/in-domain/lome-framenet_v17/iframe.jsonl,0.1407804131599082,0.609271523178808,0.2287134866376631,0.0744960560911481,0.2467343976777939,0.1144395826321104,0.1415094339622641,0.7468879668049793,0.2379378717779246,0.0841521793902746,0.3482794577685089,0.135551948051948,6.0,1.0
7,baselines/in-domain/lome-framenet_v17/koreanframenet.jsonl,0.4672557172557172,0.591577100241281,0.5221178975897782,0.1667403022002297,0.2300658376005852,0.1933500691633793,0.363622538210022,0.6787792760823279,0.4735591206179442,0.1867612293144208,0.303030303030303,0.2310955097264882,7.0,0.9813555604299188
8,baselines/in-domain/lome-framenet_v17/framenet_v17.jsonl,0.7882547559966915,0.8130011943354376,0.8004367545775238,0.5240916615840376,0.5852875352729395,0.5530017468051853,0.7442019099590723,0.851844622291626,0.7943933739874397,0.5952355517572909,0.6733534743202417,0.6318893173055116,8.0,0.996416993687084
9,baselines/in-domain/lome-framenet_v17/cfn.jsonl,0.1368594360979625,0.3180296508847441,0.1913669064748202,0.0585446788338468,0.0927525347352609,0.071781458878233,0.1349243856332703,0.4280359820089955,0.2051742723679482,0.0753556999824345,0.1350755667506297,0.096741459014545,9.0,0.9971305595408896
10,baselines/in-domain/lome-all/frame-squared-pt.jsonl,0.6568682871678915,0.6771561771561772,0.666857962697274,0.3919439579684763,0.3956859971711456,0.3938060883336266,0.6878778237352847,0.7462892647566448,0.7158940397350994,0.5169448659585231,0.5254498714652956,0.5211626721060684,10.0,0.9388111888111887
11,baselines/in-domain/lome-all/latvianframenet.jsonl,0.8612848209209778,0.5557593543653705,0.6755852842809364,0.777223088923557,0.5020153164046756,0.6100159177176441,0.8549323017408124,0.4352964349025015,0.5768728791438267,0.7974054054054054,0.4103705352175364,0.5418748163385247,11.0,0.5429200293470287
12,baselines/in-domain/lome-all/dutchframenet.jsonl,0.6679389312977099,0.5813953488372093,0.6216696269982238,0.5069637883008357,0.3973799126637554,0.445532435740514,0.7516778523489933,0.6524271844660194,0.6985446985446986,0.6173285198555957,0.4684931506849315,0.5327102803738318,12.0,0.8471760797342193
13,baselines/in-domain/lome-all/swefn.jsonl,0.4168451106352605,0.3413208649912332,0.3753213367609254,0.2817605868622874,0.2252732604638763,0.2503703703703704,0.5454545454545454,0.4166339741074931,0.4724199288256228,0.3615012664057103,0.3319940790864876,0.3461199294532628,13.0,0.7931034482758621
14,baselines/in-domain/lome-all/salsa.jsonl,0.9442534381139488,0.914605137963844,0.9291928467858868,0.8102139406487232,0.7886604863630257,0.7992919389978212,0.9248251748251748,0.9285356068204614,0.9266766766766767,0.8593893129770992,0.8593893129770992,0.8593893129770992,14.0,0.9790675547098002
15,baselines/in-domain/lome-all/asfalda.jsonl,0.9050036258158084,0.910948905109489,0.9079665332848308,0.6498933901918976,0.5990566037735849,0.6234403763550829,0.8736517719568567,0.8873239436619719,0.8804347826086957,0.7118046816008055,0.7125220458553791,0.7121631830773105,15.0,0.9518248175182482
16,baselines/in-domain/lome-all/iframe.jsonl,0.6292517006802721,0.6125827814569537,0.6208053691275168,0.4279411764705882,0.4223512336719884,0.4251278305332359,0.7001934235976789,0.6895238095238095,0.6948176583493282,0.564453125,0.578,0.5711462450592886,16.0,0.8609271523178808
17,baselines/in-domain/lome-all/koreanframenet.jsonl,0.7768570583012726,0.5757841631936829,0.6613756613756614,0.4929936305732484,0.3774689100219459,0.4275652534180362,0.7911261515322429,0.5250155957579539,0.6311684415779211,0.5338140713311246,0.4714285714285714,0.5006854949273375,17.0,0.7034437376617679
18,baselines/in-domain/lome-all/framenet_v17.jsonl,0.8020279255319149,0.8232383552294831,0.8124947377283827,0.5799614643545279,0.6150627615062761,0.5969965999244428,0.7846404636841152,0.8403491755577109,0.8115399025852379,0.6660533578656854,0.7054811205846528,0.6852005205252573,18.0,0.9800375362566116
19,baselines/in-domain/lome-all/cfn.jsonl,0.696969696969697,0.3959827833572453,0.505032021957914,0.4397306397306397,0.2452121667292527,0.3148505303760848,0.7466087900162778,0.3693959731543624,0.4942528735632183,0.4720861900097943,0.3028779690838256,0.3690093400704333,19.0,0.547584887613582
